{"cameraMode":{"drawMode":0,"name":"Shaded","section":"Shading Mode"},"sceneLighting":false,"audioPlay":false,"sceneViewState":{"m_AlwaysRefresh":false,"showFog":false,"showSkybox":false,"showFlares":false,"showImageEffects":false,"showParticleSystems":false,"showVisualEffectGraphs":true,"m_FxEnabled":true},"in2DMode":false,"pivot":{"x":0.0002282857894897461,"y":1.4445301294326783,"z":0.03680405020713806},"rotation":{"x":-0.028031248599290849,"y":-0.9565037488937378,"z":0.09821341186761856,"w":-0.27339231967926028},"size":2.548548460006714,"orthographic":false}